Item.ID,Product Family
SP-026,BEVELED
SP-032,NANOLED MULTI
SP-033,NANOLED MULTI
SP-034,BEVELED 2.0
SP-043,NANOLED
SP-044,NANOLED
SP-045,NANOLED
SP-050,BEVELED 2.0
SP-059,BEVELED 2.0
SP-060,BEVELED 2.0
SP-062,BEVELED BASIC
SP-064,BEVELED MINI
SP-065,BEVELED MINI
SP-087,BEVELED 2.1
SP-092,NANOLED NXT
SP-098,BEVELED 2.0
SP-111,BEVELED MINI
SP-112,BEVELED MINI
SP-116,BEVELED
SP-119,BEVELED 2.0
SP-120,BEVELED 2.0
SP-121,BEVELED 2.1 PENDANT
SP-125,NANOLED MULTI
SP-126,BEVELED BASIC
SP-140,BEVELED 2.1
SP-141,BEVELED 2.1
SP-142,BEVELED 2.1
SP-143,BEVELED 2.1
SP-154,BEVELED MINI
SP-155,BEVELED MINI
SP-156,BEVELED MINI
SP-160,BEVELED MINI COLOR SELECT
SP-167,BEVELED MINI
SP-170,BEVELED MINI INFINITE COLOR
SP-172,BEVELED COLOR SELECT
SP-175,BEVELED INFINITE COLOR
SP-189,SLIVERLED
SP-191,BEVELED 2.0 WARM GLOW
SP-209,BEVELED PENDANT WARM GLOW
SP-218,BEVELED 5.0 WARM GLOW
SP-234,SLIVERLED
SP-241,BEVELED BLOCK
SP-242,BEVELED COLOR SELECT
SP-244,MICRO
SP-247,BEVELED MINI
SP-257,BEVELED MINI BASIC
SP-262,BEVELED MICRO
SP-263,BEVELED MICRO
SP-269,BEVELED PRIMARY
SP-312,BEVELED 2.2
SP-317,BEVELED 2.2
SP-318,BEVELED 2.2
SP-322,BEVELED MINI X
SP-323,BEVELED MINI X
SP-324,BEVELED MINI X
SP-354,BEVELED 2.2
SP-355,BEVELED 2.2
SP-356,BEVELED 2.2
SP-362,BEVELED 2.2
SP-366,BEVELED 2.2
SP-372,BEVELED 2.2
SP-403,BEVELED PRIMARY
